1.0;97115: If there is a specific process, service, or issue within your institution that you believe could be improved by applying the knowledge and skills from the program, please describe it.;1.0;97116: What specifically would you like to improve or resolve in the example mentioned above?(e.g., shorten processing times, automate part of the process, make better use of existing data, improve user experience, develop a digital service, enable higher-quality reporting or decision-making, etc.);1.0;97117: Is there any data related to this problem/process that could be used as a practical example during the program? If so, please specify what data this involves.;1.0;97118: Which institution, authority, or organizational unit holds this data—or from whom could it be obtained?;1.0;97119: What was the most impact lesson from this week and how do you think it best supports you accomplishing the above objective?;1.0;97120: What was the most significant thing you learned this week?;1.0;n correct;n incorrect;score
0.0;For now I am not sure, I think it is still too early to know what I will be able to improve at work;0.0;It is still too early;0.0;Some data that is similar with data that we use at work;0.0;I dont know;0.0;To think as a machine :);0.0;Like above mentioned :);0.0;11;3;2.0
0.0;Still there is not yet material which can be usefull for my daily work in institution.;0.0;/;0.0;It would be useful to work with data that, although not public, could be created synthetically specifically for this purpose.;0.0;/;0.0;The most impactful lesson this week was comparing how we write SQL queries with how the computer actually interprets them.;0.0;SQL syntax and its use on the Google BigQuery platform.;0.0;11;3;2.0
0.0;Yes, there is several use case scenarios and we are approaching them as the course is moving forward;0.0;Make better use of existing data for forecasting, improve user experience, waiting time, develop a digital service,;0.0;predicting the red flags, unusual offers or activities;0.0;-this data is publicly available partially over the CEJN portal, partially it is owned by Ministry of finance;0.0;sql, theories about database;0.0;Several functions and examples in SQL;0.0;10;4;1.0
0.0;;0.0;All of the above;0.0;;0.0;;0.0;Key SQL functions used in data analysis, divided into three main categories (matematical, textual and tempora);0.0;Key SQL functions used in data analysis, divided into three main categories (matematical, textual and tempora);0.0;11;3;2.0
0.0;"As mentioned in the project that had to be applied in order to participate, I need more clearance in which ways can skills learned be used even though I  can kind of see the use of it (probably will be explained in due time). 
Since institution I work in does training needs analisys, well being analisys on state level and institutional level, as well ass other analisys that are used for public information, so I would need guidance in that area regarding this course.";0.0;Automate part of process, making different data from different sources in one place. Lot of that type of data is regarding what institutional activities need to be done, so that type of information is important as reminder when and which type of activities need to be done for different institutions. Improve data quality and management of it since lot of reporting has to be done for the government regarding HR which is and is not public. Probably different tools and solutions are needed.;0.0;Yes, there are different data sources regarding it, such as Strategic documents, Action plans and Training need analisys reports, or any other type of public reports regarding data that is collected.;0.0;From Human Resources Management Authority, General Secretariat of the Governent and different Ministries depending on the data.;0.0;Different lessons on SQL regarding how it is used and steps for it such as: select, from, where, group by, having, order by, limit... and what these functions do. However I feel this is just beginning since problem is much more complex.;0.0;SQL usage, how it can be used to extract and use the data. FUnctions, which are there and how can they be used and what for.;0.0;10;4;1.0
0.0;In my Directorate for Occupational Health and Safety, the ESAW methodology for injury reporting will soon be implemented, and I believe this training will be very beneficial for that transition. Additionally, I would like to leverage this knowledge to help build a website or application that would digitalize much of our current paper-based processes, making procedures faster and easier for both citizens and the business sector.;0.0;Specifically, I would like to automate data collection and processing, shorten handling times for injury reports, enable higher-quality reporting, and improve the user experience by developing a user-friendly digital service for both citizens and businesses.;0.0;Yes, anonymized data on work-related injuries (such as injury types, dates, affected sectors, and causes) could be used. Since we are learning SQL, querying and sorting these large datasets would be very useful for practicing data filtering, aggregation, and reporting.;0.0;The primary injury data will mainly be collected by the Ministry of Health, but my ministry will be responsible for processing, sorting, and reporting on it. Additionally, data regarding authorized organizations that perform occupational health and safety tasks on behalf of our ministry is collected and held by the Ministry of Labour.;0.0;The most impactful lesson this week was working with SQL databases and querying data. It directly supports my objective by giving me the foundational skills needed to filter, structure, and analyze large volumes of injury report data efficiently for our new reporting system.;0.0;The most significant thing I learned this week was how to extract specific, required data from large databases using SQL. Additionally, I learned how to analyze data from different perspectives and gained valuable insights into how paper-based data can be digitized and presented effectively.;0.0;11;3;2.0
0.0;The collection and analysis of occupational safety and health data could be improved by applying the knowledge from this program. Better organization and analysis of existing data could help identify trends, improve reporting...;0.0;I would like to make better use of existing data, automate parts of the analysis process, and improve the quality of reporting and decision-making.;0.0;Yes. Public datasets could be used as good examples during the program, such as data on employment, safety, salaries, or economic indicators. ;0.0;The data could be obtained from government institutions, public databases.;0.0;The most important lesson this week was learning how to use SQL to analyze and organize data. It supports my objective by helping me to develop practical skills for future projects.;0.0;The most significant thing I learned this week was how to use SQL to organize, filter, and analyze data more efficiently.;0.0;10;4;1.0
0.0;for now, of the treated topics, I do not see a way in which I could implement them in my regular activities in the my institution.;0.0;/;0.0;/;0.0;/;0.0;-------------;0.0;considering that the focus was on SQL, as well as the fact that it was a completely unfamiliar tool to me, I got acquainted with it and am still trying to determine how this tool could be used in my regular activities at work.;0.0;9;5;0.0
0.0;For now, none. But I think that I will, by the end of the course have a really good idea what this can be used for. For now, I can get a better idea on how to structuralize my data so it looks better and can be taken into some consideration for additional processing, review etc.;0.0;Better quality data, that's it for now;0.0;I really don't know;0.0;None.;0.0;How to extract data, and organize it;0.0;The most significant thing I improved on this week is my sql knowledge;0.0;11;3;2.0
0.0;All of the processes have to be optimised. ;0.0;Shorten processing times, automate selected parts of the process, make more effective use of existing data, improve the user experience, develop digital services, and enable higher-quality reporting and more informed decision-making.;0.0;Most of the data is confidential. However, if there is further interest in this subject matter, certain non-confidential data could potentially be made available.;0.0;Ministry of Finance.;0.0;The most impactful lesson this week was learning how to use SQL to structure, filter, and analyse data efficiently. This directly supports the objective by making it possible to extract relevant information more quickly, reduce manual processing, improve the use of existing data, and provide a stronger basis for reporting and decision-making. It also showed how better data management can support future automation and the development of more efficient digital services.;0.0;The most significant thing I learned this week was how SQL can be used to turn raw data into useful information.;0.0;10;4;1.0
0.0;Data usage, in depth analytics, appliance on several processes....;0.0;Better use of existing data, developing digital services, improving data analytics, atomatisation of risk management.;0.0;Financial data sets of any type.;0.0;Tax administration, banks and other financial insttutions.;0.0;Sql classes, start of using it. ;0.0;Sql introduction and start of using it.;0.0;11;3;2.0
0.0;Data inside Water Information System could do some work. ;0.0;Getting better structure of data.;0.0;No;0.0;Water Administration;0.0;SQL of course ;0.0;Functions of the SQL and how it works.;0.0;11;3;2.0